{
  "rep0_anchor": {
    "F": 1.0,
    "beta": 0.0,
    "d": 0,
    "eps_0_7": [
      0.30442,
      0.56871,
      0.77846,
      -1.79728,
      0.4904,
      -1.32501,
      0.86948,
      -0.79502
    ],
    "g0": 0.0,
    "g_1_8_computed": [
      1.30442,
      1.0469420000000003,
      1.3596832,
      -1.34115328,
      2.026861312,
      -1.1357545247999996,
      2.32378180992,
      -0.7245327239679996
    ],
    "g_1_8_expected": [
      1.30442,
      1.04694,
      1.35968,
      -1.34115,
      2.02686,
      -1.13575,
      2.32378,
      -0.72453
    ],
    "k": 1.4
  },
  "world_constants": {
    "BURN": 1000,
    "F_main": 1.0,
    "G_CAP": 1000000.0,
    "K_GRID": [
      0.2,
      0.4,
      0.6,
      0.8,
      1.0,
      1.2,
      1.4,
      1.6,
      1.8,
      1.9,
      1.95,
      2.05,
      2.2
    ],
    "N_REPS": 400,
    "SEED": 20260717,
    "SIGMA": 1.0,
    "T": 4000,
    "dynamics": "g(t+1)=g(t)+F-k*g(t-d)-beta*(g(t)-g(t-1))+eps",
    "s_main": 0.5
  }
}