{
  "R1": {
    "argmax_E": 0.2247849,
    "argmax_k": 1.2,
    "argmax_se": 0.00034602,
    "endpoint_hi_E": 0.0,
    "endpoint_hi_k": 2.2,
    "endpoint_hi_se": 0.0,
    "endpoint_lo_E": 0.00204417,
    "endpoint_lo_k": 0.2,
    "endpoint_lo_se": 6.539e-05,
    "interior": true,
    "margin_hi_sigma": 649.63130971,
    "margin_lo_sigma": 632.52783183,
    "pass": true
  },
  "R2": {
    "R2a_div_2.05": 1.0,
    "R2a_div_2.2": 1.0,
    "R2a_pass": true,
    "R2b_first_2.05_E": 0.0,
    "R2b_lastStable_1.95_E": 0.15746845,
    "R2b_margin_sigma": 1231.13222821,
    "R2b_pass": true,
    "R2c_max_rel_err": 0.00493638,
    "R2c_pass": true,
    "R2c_rel_errs": {
      "0.2000": {
        "rel_err": 0.00053799,
        "var_analytic": 2.77777778,
        "var_measured": 2.77628337
      },
      "0.4000": {
        "rel_err": 0.00122571,
        "var_analytic": 1.5625,
        "var_measured": 1.56058483
      },
      "0.6000": {
        "rel_err": 0.00145445,
        "var_analytic": 1.19047619,
        "var_measured": 1.1887447
      },
      "0.8000": {
        "rel_err": 0.00155843,
        "var_analytic": 1.04166667,
        "var_measured": 1.0400433
      },
      "1.0000": {
        "rel_err": 0.00030272,
        "var_analytic": 1.0,
        "var_measured": 0.99969728
      },
      "1.2000": {
        "rel_err": 0.00288985,
        "var_analytic": 1.04166667,
        "var_measured": 1.04467693
      },
      "1.4000": {
        "rel_err": 0.00077656,
        "var_analytic": 1.19047619,
        "var_measured": 1.19140066
      },
      "1.6000": {
        "rel_err": 0.00248429,
        "var_analytic": 1.5625,
        "var_measured": 1.5663817
      },
      "1.8000": {
        "rel_err": 0.00120438,
        "var_analytic": 2.77777778,
        "var_measured": 2.78112327
      },
      "1.9000": {
        "rel_err": 0.00493638,
        "var_analytic": 5.26315789,
        "var_measured": 5.28913882
      },
      "1.9500": {
        "rel_err": 0.00423153,
        "var_analytic": 10.25641026,
        "var_measured": 10.21300995
      }
    },
    "cliff_bracket": {
      "first_divergent_k": 2.05,
      "last_stable_k": 2.0,
      "rows": [
        [
          1.7,
          0.0,
          false
        ],
        [
          1.8,
          0.0,
          false
        ],
        [
          1.9,
          0.0,
          false
        ],
        [
          1.95,
          0.0,
          false
        ],
        [
          2.0,
          0.0,
          false
        ],
        [
          2.05,
          1.0,
          true
        ],
        [
          2.1,
          1.0,
          true
        ],
        [
          2.2,
          1.0,
          true
        ]
      ]
    },
    "pass": true
  },
  "R3": {
    "all_s_interior": true,
    "argmax_E": 0.13835283,
    "argmax_k": 0.8,
    "boundary_halved_ok": true,
    "cliff_bracket": {
      "first_divergent_k": 1.05,
      "last_stable_k": 1.0,
      "rows": [
        [
          0.6,
          0.0,
          false
        ],
        [
          0.7,
          0.0,
          false
        ],
        [
          0.8,
          0.0,
          false
        ],
        [
          0.9,
          0.0,
          false
        ],
        [
          0.95,
          0.0,
          false
        ],
        [
          1.0,
          0.0,
          false
        ],
        [
          1.05,
          1.0,
          true
        ],
        [
          1.1,
          1.0,
          true
        ],
        [
          1.2,
          1.0,
          true
        ],
        [
          1.3,
          1.0,
          true
        ]
      ]
    },
    "interior": true,
    "pass": true,
    "s_sweep": {
      "s=0.3": {
        "F": 0.6,
        "argmax_E": 0.1111872,
        "argmax_k": 0.6,
        "interior": true
      },
      "s=0.5": {
        "F": 1.0,
        "argmax_E": 0.14515526,
        "argmax_k": 0.8,
        "interior": true
      },
      "s=0.7": {
        "F": 1.4,
        "argmax_E": 0.13551295,
        "argmax_k": 0.8,
        "interior": true
      }
    },
    "s_sweep_argmax_vector": [
      0.6,
      0.8,
      0.8
    ]
  },
  "R4": {
    "R4a_pass": true,
    "R4b_pass": true,
    "pass": true
  },
  "R4a": {
    "max_absE": 0.01625183,
    "pass": true,
    "per_k_E": {
      "0.2000": 0.00073814,
      "0.4000": 0.00472226,
      "0.6000": 0.00147528,
      "0.8000": 0.00121997,
      "1.0000": -0.00720193,
      "1.2000": -0.01625183,
      "1.4000": -0.00833164,
      "1.6000": 0.00760418,
      "1.8000": 0.0,
      "1.9000": -0.0003425,
      "1.9500": -0.00898684,
      "2.0500": 0.0,
      "2.2000": 0.0
    },
    "per_k_skill_fidelity": {
      "0.2000": 0.5018,
      "0.4000": 0.508,
      "0.6000": 0.502,
      "0.8000": 0.5014,
      "1.0000": 0.4928,
      "1.2000": 0.4856,
      "1.4000": 0.4934,
      "1.6000": 0.5054,
      "1.8000": 0.5,
      "1.9000": 0.4998,
      "1.9500": 0.495,
      "2.0500": 0.4996,
      "2.2000": 0.5078
    }
  },
  "R4b": {
    "pass": true,
    "table": {
      "beta=-0.5": {
        "bracket_contains_predicted": true,
        "first_divergent_k": 3.05,
        "k_crit_predicted": 3.0,
        "last_stable_k": 3.0,
        "rows": [
          [
            2.6,
            0.0,
            false
          ],
          [
            2.7,
            0.0,
            false
          ],
          [
            2.8,
            0.0,
            false
          ],
          [
            2.9,
            0.0,
            false
          ],
          [
            2.95,
            0.0,
            false
          ],
          [
            3.0,
            0.0,
            false
          ],
          [
            3.05,
            1.0,
            true
          ],
          [
            3.1,
            1.0,
            true
          ],
          [
            3.2,
            1.0,
            true
          ]
        ]
      },
      "beta=0.0": {
        "bracket_contains_predicted": true,
        "first_divergent_k": 2.05,
        "k_crit_predicted": 2.0,
        "last_stable_k": 2.0,
        "rows": [
          [
            1.7,
            0.0,
            false
          ],
          [
            1.8,
            0.0,
            false
          ],
          [
            1.9,
            0.0,
            false
          ],
          [
            1.95,
            0.0,
            false
          ],
          [
            2.0,
            0.0,
            false
          ],
          [
            2.05,
            1.0,
            true
          ],
          [
            2.1,
            1.0,
            true
          ],
          [
            2.2,
            1.0,
            true
          ]
        ]
      },
      "beta=0.5": {
        "bracket_contains_predicted": true,
        "first_divergent_k": 1.05,
        "k_crit_predicted": 1.0,
        "last_stable_k": 1.0,
        "rows": [
          [
            0.7,
            0.0,
            false
          ],
          [
            0.8,
            0.0,
            false
          ],
          [
            0.9,
            0.0,
            false
          ],
          [
            0.95,
            0.0,
            false
          ],
          [
            1.0,
            0.0,
            false
          ],
          [
            1.05,
            1.0,
            true
          ],
          [
            1.1,
            1.0,
            true
          ],
          [
            1.2,
            1.0,
            true
          ],
          [
            1.3,
            1.0,
            true
          ]
        ]
      }
    }
  },
  "params": {
    "BURN": 1000,
    "F_main": 1.0,
    "G_CAP": 1000000.0,
    "K_GRID": [
      0.2,
      0.4,
      0.6,
      0.8,
      1.0,
      1.2,
      1.4,
      1.6,
      1.8,
      1.9,
      1.95,
      2.05,
      2.2
    ],
    "N_AUX": 150,
    "N_DIV": 40,
    "N_REPS": 400,
    "SEED": 20260717,
    "SIGMA": 1.0,