{"analytic":{"ET_star_analytic":3039.057187207505,"Pi_hi_analytic":19920.776104982528,"Pi_star_analytic":21214.81452964128,"Pi_viral_analytic":15583.319950620122,"Pi_zero_analytic":10000.0,"R0_star":0.6709505815786018,"R0_viral":0.7362632708334493,"b_hi":6.0,"b_star":4.5,"b_viral":8.0,"b_zero":0.0,"interior":true,"max_m_over_grid":0.7362632708334493,"single_peaked":true,"subcritical":true},"gates":{"G1_value_trap":{"pass":true,"z_sigma":335.89481436424336},"G2_interior":{"pass":true,"z_vs_bhi":62.751216377086756,"z_vs_zero":757.2926166138843},"G3_anchor_match":{"abs_z_sigma":1.1645048616298992,"pass":true},"all_pass":true},"params":{"B0":2.0,"B_HI":6.0,"K":3,"M":10.0,"N":2000,"Q_MAX":0.25,"S":1000,"SEED":20260717,"grid_max":8.0,"grid_min":0.0,"grid_n":81,"grid_step":0.1},"sim":{"b0":{"b":0.0,"mean_T":1000.0,"mean_profit":10000.0,"se_T":0.0,"se_profit":0.0},"bhi":{"b":6.0,"mean_T":3483.0595,"mean_profit":19932.238,"se_T":3.4276249483087704,"se_profit":13.710499793233968},"bstar":{"b":4.5,"mean_T":3035.9265,"mean_profit":21197.59575,"se_T":2.68842776931244,"se_profit":14.786352731218088},"bviral":{"b":8.0,"mean_T":3787.6845,"mean_profit":15575.369,"se_T":3.9219365462755857,"se_profit":7.843873092550685}}}