{
  "arms": {
    "cv1.5": {
      "cv": 1.5,
      "mean_s": 1.0,
      "n_metrics": [
        180000,
        180000,
        180000,
        180000,
        180000,
        180000,
        180000,
        180000,
        180000,
        180000,
        180000,
        180000
      ],
      "rho": 0.8,
      "viol_mean": 0.27171435185185194,
      "viol_reps": [
        0.26926666666666665,
        0.28070555555555554,
        0.2777833333333333,
        0.2687833333333333,
        0.2540777777777778,
        0.26079444444444444,
        0.26143333333333335,
        0.28550555555555557,
        0.2641777777777778,
        0.2853277777777778,
        0.2776777777777778,
        0.2750388888888889
      ],
      "viol_sd": 0.010212231464442629,
      "viol_se": 0.002948017292511359,
      "wq_mean": 6.582591449254494,
      "wq_pk": 6.500000000000002,
      "wq_reps": [
        6.582793961702367,
        6.788801892954743,
        6.607777332340628,
        6.522617241729998,
        6.184077795285494,
        6.309093913671517,
        6.297536316966054,
        6.852393997315567,
        6.4397947530975435,
        6.896288203068375,
        6.6612087905852295,
        6.848713192336406
      ],
      "wq_sd": 0.23935821736408802,
      "wq_se": 0.06909676561395259
    },
    "cv2.0": {
      "cv": 2.0,
      "mean_s": 1.0,
      "n_metrics": [
        180000,
        180000,
        180000,
        180000,
        180000,
        180000,
        180000,
        180000,
        180000,
        180000,
        180000,
        180000
      ],
      "rho": 0.8,
      "viol_mean": 0.3765324074074074,
      "viol_reps": [
        0.37353888888888886,
        0.3871277777777778,
        0.3869166666666667,
        0.37400555555555554,
        0.36130555555555555,
        0.3707944444444444,
        0.3708111111111111,
        0.3819111111111111,
        0.3925388888888889,
        0.3730888888888889,
        0.36882777777777775,
        0.3775222222222222
      ],
      "viol_sd": 0.008996423978839227,
      "viol_se": 0.002597043902963416,
      "wq_mean": 10.062663358692177,
      "wq_pk": 10.000000000000002,
      "wq_reps": [
        10.05020676374262,
        10.391360330635823,
        10.361905573987352,
        9.757731993888742,
        9.206807619437997,
        9.959400052128007,
        10.242945833421654,
        10.206837010116336,
        10.770499652224814,
        9.842691852267855,
        9.592394006051034,
        10.369179616403887
      ],
      "wq_sd": 0.4212202229551739,
      "wq_se": 0.12159580455564192
    },
    "cv2.5": {
      "cv": 2.5,
      "mean_s": 1.0,
      "n_metrics": [
        180000,
        180000,
        180000,
        180000,
        180000,
        180000,
        180000,
        180000,
        180000,
        180000,
        180000,
        180000
      ],
      "rho": 0.8,
      "viol_mean": 0.45125,
      "viol_reps": [
        0.4377111111111111,
        0.4353388888888889,
        0.4690611111111111,
        0.4614666666666667,
        0.4461833333333333,
        0.43994444444444447,
        0.4511611111111111,
        0.4636777777777778,
        0.4550722222222222,
        0.4470388888888889,
        0.45494444444444443,
        0.4534
      ],
      "viol_sd": 0.010516823943500522,
      "viol_se": 0.003035945567399964,
      "wq_mean": 14.508285835436299,
      "wq_pk": 14.500000000000004,
      "wq_reps": [
        12.821560940879948,
        13.387385031814064,
        16.89167866178928,
        15.226556021795204,
        14.649776796785243,
        14.192812617861614,
        14.201818233815278,
        15.02883265640857,
        13.587949519569287,
        14.099159777507191,
        14.447474333668055,
        15.564425433341851
      ],
      "wq_sd": 1.0835924799316956,
      "wq_se": 0.31280620499020934
    },
    "cv3.5": {
      "cv": 3.5,
      "mean_s": 1.0,
      "n_metrics": [
        180000,
        180000,
        180000,
        180000,
        180000,
        180000,
        180000,
        180000,
        180000,
        180000,
        180000,
        180000
      ],
      "rho": 0.8,
      "viol_mean": 0.5442939814814816,
      "viol_reps": [
        0.5261888888888889,
        0.5472,
        0.5630055555555555,
        0.5444722222222222,
        0.5351666666666667,
        0.5299777777777778,
        0.5265277777777778,
        0.5401,
        0.5614555555555556,
        0.5427611111111111,
        0.5447888888888889,
        0.5698833333333333
      ],
      "viol_sd": 0.014333090487789543,
      "viol_se": 0.004137606825722279,
      "wq_mean": 26.42483180366661,
      "wq_pk": 26.500000000000007,
      "wq_reps": [
        22.82862149763516,
        27.49205357023309,
        29.664037569684954,
        25.64379195289925,
        24.088810022932524,
        24.993936157448704,
        25.34962162029333,
        25.463218651087338,
        30.09067009950795,
        26.376072377947416,
        25.014000295243207,
        30.093147829086405
      ],
      "wq_sd": 2.4054321273425936,
      "wq_se": 0.6943884431193104
    },
    "laneA": {
      "cv": 1.0,
      "mean_s": 1.0,
      "n_metrics": [
        180000,
        180000,
        180000,
        180000,
        180000,
        180000,
        180000,
        180000,
        180000,
        180000,
        180000,
        180000
      ],
      "rho": 0.8,
      "viol_mean": 0.1368898148148148,
      "viol_reps": [
        0.13831666666666667,
        0.13387222222222223,
        0.14703333333333332,
        0.13439444444444446,
        0.13472777777777778,
        0.13382222222222223,
        0.14126666666666668,
        0.1410611111111111,
        0.12863888888888889,
        0.1452277777777778,
        0.1298777777777778,
        0.13443888888888889
      ],
      "viol_sd": 0.0057499074473268295,
      "viol_se": 0.0016598553062647896,
      "wq_mean": 4.028734497797462,
      "wq_pk": 4.000000000000001,
      "wq_reps": [
        4.034511846702394,
        3.968544295257707,
        4.261668411690677,
        4.00130723297154,
        3.9584869763984405,
        3.9626076487581408,
        4.083091404232779,
        4.141572632759861,
        3.8792790767493788,
        4.104389601391646,
        3.9561736468596016,
        3.9931811997973754
      ],
      "wq_sd": 0.1036826563094377,
      "wq_se": 0.029930604765274652
    },
    "laneB": {
      "cv": 3.0,
      "mean_s": 1.0,
      "n_metrics": [
        180000,
        180000,
        180000,
        180000,
        180000,
        180000,
        180000,
        180000,
        180000,
        180000,
        180000,
        180000
      ],
      "rho": 0.8,
      "viol_mean": 0.49802083333333336,
      "viol_reps": [
        0.49125,
        0.5042777777777778,
        0.50925,
        0.4995777777777778,
        0.50595,
        0.4984388888888889,
        0.5158944444444444,
        0.5087277777777778,
        0.4827611111111111,
        0.49291111111111113,
        0.4753777777777778,
        0.49183333333333334
      ],
      "viol_sd": 0.011757490418808454,
      "viol_se": 0.0033940951291467534,
      "wq_mean": 19.597260523542303,
      "wq_pk": 20.000000000000004,
      "wq_reps": [
        19.099637689919316,
        19.78671038346571,
        20.98637439215081,
        18.647303935190056,
        21.21432327690834,
        19.590240009420818,
        20.091098560180793,
        20.127260668836655,
        19.212897379222326,
        18.923832615345663,
        17.908734881459516,
        19.57871249040764
      ],
      "wq_sd": 0.9394386640107565,
      "wq_se": 0.27119258277687636
    },
    "laneBstar": {
      "cv": 3.0,
      "mean_s": 0.64,
      "n_metrics": [
        180000,
        180000,
        180000,
        180000,
        180000,
        180000,
        180000,
        180000,
        180000,
        180000,
        180000,
        180000
      ],
      "rho": 0.512,
      "viol_mean": 0.13651342592592594,