{
  "anchors": {
    "mu_closed": 1.500109402,
    "mu_open_s0": 1.761315841,
    "r4_z_star": 0.0,
    "s_star": 1.167563466
  },
  "params": {
    "ALPHA": 0.1,
    "BETA": 12.0,
    "N": 1000,
    "N_SEEDS": 30,
    "R": 120,
    "SEED_BASE": 20260719,
    "SIG": 3.0
  }
}
