{
  "anchors": {
    "analytic_netrev": {
      "0": 6000.0,
      "12": 9672.036845577702,
      "13": 9722.104425274092,
      "14": 8847.222204164871,
      "18": 8903.521917986964,
      "3": 7924.730601602059,
      "30": 8880.748035460805,
      "6": 8915.968589315911,
      "9": 9421.210703539047
    },
    "base_W0_rep0": {
      "n_abuser": 8,
      "n_buyers": 119,
      "n_dissat": 18,
      "n_refunds": 0,
      "netrev": 4760.0
    },
    "base_W13_rep0": {
      "n_abuser": 21,
      "n_buyers": 295,
      "n_dissat": 53,
      "n_refunds": 44,
      "netrev": 10040.0
    }
  },
  "params": {
    "A": 5000,
    "C0": 0.03,
    "DC": 0.03,
    "DVAL": 0.2,
    "N_REPS": 400,
    "P": 40.0,
    "PHI": 0.08,
    "RHO": 0.1111111111111111,
    "SEED": 20260717,
    "TAU": 6.0,
    "W_ABUSE": 14,
    "W_GRID": [
      0,
      3,
      6,
      9,
      12,
      13,
      14,
      18,
      30
    ]
  }
}