{"K":8,"all_pass":true,"dose_mean":0.06175681,"e_hard_sim_star":0.73829887,"e_hard_theory_star":0.73856236,"e_soft":0.7773411,"e_soft_theory":0.77777778,"g1_existence":true,"g2_dose_response":true,"g3_specificity":true,"leak_hi_mean":0.07347951,"leak_lo_mean":0.01172271,"leak_star_mean":0.03904223,"leak_star_pct_of_clearing":5.022535,"max_abs_placebo_leak":0.0,"q_levels":[0.0,0.05,0.15,0.25],"seed":20260717,"sigma_gate":3.0,"theory_abs_err":0.00026349,"trials":100000,"z_g1_existence":135.3738,"z_g2_dose_response":163.6733}