{
  "C": 9,
  "H": 90,
  "T": [
    800,
    1000,
    1200,
    1400,
    1600,
    1800,
    2000,
    2200,
    2400
  ],
  "b_nominal": 1.5,
  "badge_g_hi": [
    1,
    1,
    1,
    0,
    0,
    0,
    0,
    0,
    0
  ],
  "badge_g_lo": [
    1,
    1,
    1,
    1,
    0,
    0,
    0,
    0,
    0
  ],
  "badge_nominal": [
    1,
    1,
    1,
    1,
    0,
    0,
    0,
    0,
    0
  ],
  "canonical_stream_first8": [
    0.4237234218987145,
    0.9000113816310059,
    0.7856951772869856,
    0.08026714949839331,
    0.7055152508720199,
    0.14906266705727367,
    0.22348168856736483,
    0.6449714537934479
  ],
  "g": [
    6,
    9,
    13,
    18,
    24,
    31,
    39,
    48,
    58
  ],
  "main_first_rep_totals": [
    2232,
    2703,
    3252,
    3519,
    1865,
    2170,
    2237,
    2484,
    2619
  ],
  "n_reps": 400,
  "p0": 0.01,
  "seed": 20260717,
  "v0": 5.0
}
