{
  "anchors": {
    "cold": 61.310828833,
    "hot": 400.0,
    "lam_down": 22.678586151,
    "lam_up": 78.069504712,
    "middle": 104.747677227,
    "n_roots_capped": 1,
    "r_c": 0.564155324,
    "sep_sigma": 308.819169077,
    "width": 55.390918561,
    "x_star": 400.0
  },
  "params": {
    "B_CAP": 0.2,
    "C": 100.0,
    "K": 12.0,
    "LAM": 60.0,
    "P0": 0.02,
    "R_PIN": 0.85,
    "SEED_BASE": 20260721,
    "SIG": 3.0,
    "THETA": 1.05
  }
}
