{
  "admit_rates": {
    "or": {
      "0.1": {
        "n_per_seed": [
          208,
          203,
          197,
          222,
          175
        ],
        "per_seed": [
          0.104,
          0.1015,
          0.0985,
          0.111,
          0.0875
        ],
        "pooled": 0.1005,
        "within_tol": true
      },
      "0.25": {
        "n_per_seed": [
          537,
          478,
          487,
          519,
          492
        ],
        "per_seed": [
          0.2685,
          0.239,
          0.2435,
          0.2595,
          0.246
        ],
        "pooled": 0.2513,
        "within_tol": true
      },
      "0.5": {
        "n_per_seed": [
          1024,
          977,
          1013,
          1018,
          977
        ],
        "per_seed": [
          0.512,
          0.4885,
          0.5065,
          0.509,
          0.4885
        ],
        "pooled": 0.5009,
        "within_tol": true
      }
    },
    "single": {
      "n_per_seed": [
        537,
        475,
        496,
        521,
        468
      ],
      "per_seed": [
        0.2685,
        0.2375,
        0.248,
        0.2605,
        0.234
      ],
      "pooled": 0.24969999999999998,
      "within_tol": true
    }
  },
  "correlations": {
    "rho_full": {
      "mean": 0.00025085013394478674,
      "per_seed": [
        -0.0013442781798858774,
        0.00975762323001349,
        -0.016552545754757557,
        0.0005640292109209833,
        0.008829422163432896
      ],
      "sd": 0.01059442378836091,
      "se": 0.0047379703546431675
    },
    "rho_or": {
      "0.1": {
        "mean": -0.6852813155248428,
        "per_seed": [
          -0.6996103702772983,
          -0.693032056221493,
          -0.680950762272576,
          -0.6999705922348769,
          -0.6528427966179704
        ],
        "sd": 0.019698869523730067,
        "se": 0.008809602266991868
      },
      "0.25": {
        "mean": -0.5873294543354693,
        "per_seed": [
          -0.5989314367726952,
          -0.6017975743231805,
          -0.5912072476998673,
          -0.5673275834067074,
          -0.5773834294748964
        ],
        "sd": 0.014645545611272561,
        "se": 0.006549687110875831
      },
      "0.5": {
        "mean": -0.45781580483445883,
        "per_seed": [
          -0.47949830184834713,
          -0.45161000787393,
          -0.45676835700157753,
          -0.44168657081150314,
          -0.45951578663693626
        ],
        "sd": 0.01389947721976637,
        "se": 0.006216035183021477
      }
    },
    "rho_single": {
      "mean": -0.013477612590868349,
      "per_seed": [
        -0.044648498524631104,
        -0.024511502152536016,
        -0.022217412694959127,
        0.021446542062493367,
        0.002542808355291144
      ],
      "sd": 0.02572015464649399,
      "se": 0.011502402836273526
    }
  },
  "first_failing_gate": null,
  "gates": {
    "R1": true,
    "R1_band_ok": true,
    "R1_inside_3se": 0.01446476119787429,
    "R1_inside_ok": true,
    "R1_mean": 0.00025085013394478674,
    "R1_se": 0.0047379703546431675,
    "R2": true,
    "R2_margin_sigma": 20.967330501549025,
    "R2_mean": -0.5873294543354693,
    "R2_rho_star": 0.45,
    "R2_se": 0.006549687110875831,
    "R2_upper_3se": -0.5676803930028419,
    "R3": true,
    "R3_mean_10": -0.6852813155248428,
    "R3_mean_25": -0.5873294543354693,
    "R3_mean_50": -0.45781580483445883,
    "R3_order_ok": true,
    "R3_sep_25_10": 8.922892607571052,
    "R3_sep_50_25": 14.342896344805206,
    "R4": true,
    "R4_band_ok": true,
    "R4_inside_envelope": 0.04798482109968893,
    "R4_mean_single": -0.013477612590868349,
    "R4_se_single": 0.011502402836273526,
    "R4_sep_ok": true,
    "R4_sep_or_single": 43.353900592483285
  },
  "params": {
    "admit_tol": 0.02,
    "levels_T": [
      0.5,
      0.25,
      0.1
    ],
    "n_items": 2000,
    "null_band": 0.03,
    "r_stream_offset": 10000,
    "reference_T": 0.25,
    "rho_star": 0.45,
    "seeds": [
      1,
      2,
      3,
      4,
      5
    ],
    "sep_min": 3.0,
    "single_T": 0.25
  },
  "self_checks": {
    "R2_effect_clears": true,
    "R3_monotone_and_separated": true,
    "R4_mechanism_isolation": true,
    "achieved_admit_rates_within_tol": true,
    "canonical_json_stable": true,
    "fixture_matches_committed": true,
    "phi_inv_known_points_6dp": true,
    "stream_independence_r1_band": true,
    "thresholds_match_expected_6dp": true,
    "twin_evaluators_agree": true
  },
  "thresholds": {
    "expected_6dp": {
      "or_10pct": 1.632219,
      "or_25pct": 1.107798,
      "or_50pct": 0.544952,
      "single_25pct": 0.67449
    },
    "or": {
      "0.1": 1.6322187877767134,
      "0.25": 1.107797703589272,
      "0.5": 0.5449521362323797
    },
    "single": 0.6744897502234225
  },
  "twin": {
    "agree": true,
    "if_chain": [
      "APPROVE",
      null
    ],
    "table": [
      "APPROVE",
      null
    ]
  },
  "valid": true,
  "verdict": "APPROVE"
}
