{
  "first_failing_gate": "R1",
  "gates": {
    "R1": false,
    "R1_high": true,
    "R1_low": false,
    "R2": true,
    "R3": false,
    "R4": true,
    "R4_argmax_domain": "fleet"
  },
  "grid": {
    "0.70": {
      "mean": {
        "filler_rate_lqf": 0.3002105263157895,
        "filler_rate_rr": 0.3331368421052632,
        "max_backlog_lqf": 9.6,
        "max_backlog_rr": 334.4,
        "mean_q_lqf": {
          "fleet": 0.10292631578947369,
          "game": 0.21153684210526316,
          "unrelated": 0.24934736842105262,
          "venture": 0.16172631578947366
        },
        "mean_q_rr": {
          "fleet": 168.86736842105262,
          "game": 0.5095578947368421,
          "unrelated": 0.2890315789473684,
          "venture": 1.0295789473684211
        },
        "var_tot_lqf": 1.4971027257617728,
        "var_tot_rr": 7991.624205509141
      },
      "per_seed": [
        {
          "filler_rate_lqf": 0.30326315789473685,
          "filler_rate_rr": 0.33473684210526317,
          "max_backlog_lqf": 8,
          "max_backlog_rr": 328,
          "mean_q_lqf": {
            "fleet": 0.09463157894736843,
            "game": 0.21463157894736842,
            "unrelated": 0.24810526315789475,
            "venture": 0.15305263157894736
          },
          "mean_q_rr": {
            "fleet": 163.91684210526316,
            "game": 0.5413684210526316,
            "unrelated": 0.32421052631578945,
            "venture": 0.8772631578947369
          },
          "var_tot_lqf": 1.3840387700831025,
          "var_tot_rr": 7074.854185163436,
          "window_n": 9500
        },
        {
          "filler_rate_lqf": 0.30694736842105264,
          "filler_rate_rr": 0.34042105263157896,
          "max_backlog_lqf": 11,
          "max_backlog_rr": 350,
          "mean_q_lqf": {
            "fleet": 0.1108421052631579,
            "game": 0.20705263157894738,
            "unrelated": 0.23357894736842105,
            "venture": 0.16410526315789473
          },
          "mean_q_rr": {
            "fleet": 190.60715789473684,
            "game": 0.4696842105263158,
            "unrelated": 0.2894736842105263,
            "venture": 1.0087368421052632
          },
          "var_tot_lqf": 1.5801572963988917,
          "var_tot_rr": 9229.970388155125,
          "window_n": 9500
        },
        {
          "filler_rate_lqf": 0.292,
          "filler_rate_rr": 0.328,
          "max_backlog_lqf": 8,
          "max_backlog_rr": 365,
          "mean_q_lqf": {
            "fleet": 0.10947368421052632,
            "game": 0.22873684210526316,
            "unrelated": 0.2808421052631579,
            "venture": 0.17326315789473684
          },
          "mean_q_rr": {
            "fleet": 193.11442105263157,
            "game": 0.5090526315789474,
            "unrelated": 0.3076842105263158,
            "venture": 1.12
          },
          "var_tot_lqf": 1.546446216066482,
          "var_tot_rr": 8850.206435501386,
          "window_n": 9500
        },
        {
          "filler_rate_lqf": 0.2986315789473684,
          "filler_rate_rr": 0.32694736842105265,
          "max_backlog_lqf": 9,
          "max_backlog_rr": 280,
          "mean_q_lqf": {
            "fleet": 0.09252631578947368,
            "game": 0.2006315789473684,
            "unrelated": 0.23642105263157895,
            "venture": 0.15136842105263157
          },
          "mean_q_rr": {
            "fleet": 132.65642105263157,
            "game": 0.543578947368421,
            "unrelated": 0.2654736842105263,
            "venture": 1.0281052631578946
          },
          "var_tot_lqf": 1.3077843656509696,
          "var_tot_rr": 5951.015642980605,
          "window_n": 9500
        },
        {
          "filler_rate_lqf": 0.3002105263157895,
          "filler_rate_rr": 0.33557894736842103,
          "max_backlog_lqf": 12,
          "max_backlog_rr": 349,
          "mean_q_lqf": {
            "fleet": 0.1071578947368421,
            "game": 0.20663157894736842,
            "unrelated": 0.24778947368421053,
            "venture": 0.1668421052631579
          },
          "mean_q_rr": {
            "fleet": 164.042,
            "game": 0.48410526315789476,
            "unrelated": 0.2583157894736842,
            "venture": 1.1137894736842104
          },
          "var_tot_lqf": 1.6670869806094182,
          "var_tot_rr": 8852.074375745153,
          "window_n": 9500
        }
      ]
    },
    "0.90": {
      "mean": {
        "filler_rate_lqf": 0.10113684210526316,
        "filler_rate_rr": 0.21461052631578945,
        "max_backlog_lqf": 24.2,
        "max_backlog_rr": 1140.8,
        "mean_q_lqf": {
          "fleet": 0.7016,
          "game": 0.9637684210526316,
          "unrelated": 1.0526105263157894,
          "venture": 0.8348631578947368
        },
        "mean_q_rr": {
          "fleet": 593.0784842105262,
          "game": 1.0305263157894737,
          "unrelated": 0.4795789473684211,
          "venture": 4.023894736842105
        },
        "var_tot_lqf": 16.770119871468147,
        "var_tot_rr": 95381.80263934184
      },
      "per_seed": [
        {
          "filler_rate_lqf": 0.1003157894736842,
          "filler_rate_rr": 0.21726315789473685,
          "max_backlog_lqf": 24,
          "max_backlog_rr": 1165,
          "mean_q_lqf": {
            "fleet": 0.7712631578947369,
            "game": 1.0418947368421052,
            "unrelated": 1.126,
            "venture": 0.9036842105263158
          },
          "mean_q_rr": {
            "fleet": 600.4817894736842,
            "game": 1.0306315789473683,
            "unrelated": 0.5347368421052632,
            "venture": 2.724421052631579
          },
          "var_tot_lqf": 19.609301396121886,
          "var_tot_rr": 98242.79371855955,
          "window_n": 9500
        },
        {
          "filler_rate_lqf": 0.11610526315789474,
          "filler_rate_rr": 0.22673684210526315,
          "max_backlog_lqf": 28,
          "max_backlog_rr": 1132,
          "mean_q_lqf": {
            "fleet": 0.6846315789473684,
            "game": 0.9192631578947369,
            "unrelated": 0.9989473684210526,
            "venture": 0.7983157894736842
          },
          "mean_q_rr": {
            "fleet": 595.698,
            "game": 0.9590526315789474,
            "unrelated": 0.45842105263157895,
            "venture": 3.2906315789473686
          },
          "var_tot_lqf": 18.977072343490306,
          "var_tot_rr": 94037.33823641,
          "window_n": 9500
        },
        {
          "filler_rate_lqf": 0.09178947368421053,
          "filler_rate_rr": 0.20810526315789474,
          "max_backlog_lqf": 26,
          "max_backlog_rr": 1162,
          "mean_q_lqf": {
            "fleet": 0.7984210526315789,
            "game": 1.0628421052631578,
            "unrelated": 1.1636842105263159,
            "venture": 0.9412631578947368
          },
          "mean_q_rr": {
            "fleet": 613.5351578947368,
            "game": 1.143578947368421,
            "unrelated": 0.4916842105263158,
            "venture": 4.129052631578947
          },
          "var_tot_lqf": 17.61306879778393,
          "var_tot_rr": 99074.64410498616,
          "window_n": 9500
        },
        {
          "filler_rate_lqf": 0.0968421052631579,
          "filler_rate_rr": 0.20463157894736841,
          "max_backlog_lqf": 18,
          "max_backlog_rr": 1081,
          "mean_q_lqf": {
            "fleet": 0.5543157894736842,
            "game": 0.8456842105263158,
            "unrelated": 0.9307368421052632,
            "venture": 0.6933684210526316
          },
          "mean_q_rr": {
            "fleet": 565.4401052631579,
            "game": 1.0669473684210526,
            "unrelated": 0.4693684210526316,
            "venture": 6.110736842105263
          },
          "var_tot_lqf": 10.22141893628809,
          "var_tot_rr": 85109.83998244879,
          "window_n": 9500
        },
        {
          "filler_rate_lqf": 0.10063157894736842,