{"analytic":{"LTV":100.0,"g_crit":1.08,"pi0_truncated":32.02335569231275,"profit_untruncated":40.0},"gates":{"G1_trough_trap":{"pass":true,"trough_high":-498627.1975,"trough_low":-3064.5075,"z_sigma":6011.929420851079},"G2_unit_economics":{"pass":true,"pi0_analytic":32.02335569231275,"z_high_anchor":0.8300998306097453,"z_high_pos":82.99842460055233,"z_low_anchor":0.6621821131853776,"z_low_pos":83.87079955707293,"z_low_vs_high":1.0547547671335669},"G3_fluid_anchor":{"high":{"abs_z":1.144549482225757,"analytic":-498721.23167958367,"g":1.3,"kstar":23,"sim":-498627.1975},"low":{"abs_z":0.8861956441670499,"analytic":-2713.710129069742,"g":1.05,"kstar":11,"sim":-2719.87}},"G3_pass":true,"all_pass":true},"levels":{"1.05":{"mean_c0_profit":32.278200610964625,"mean_trough":-3064.5075,"ruin_prob":0.53275,"se_c0_profit":0.3848562405679673,"se_trough":6.686508185059284},"1.08":{"mean_c0_profit":33.0003905729097,"mean_trough":-5071.3275,"ruin_prob":0.998,"se_c0_profit":0.38636248142051066,"se_trough":13.954116597923496},"1.15":{"mean_c0_profit":31.71092704966597,"mean_trough":-29062.0075,"ruin_prob":1.0,"se_c0_profit":0.37214830619406564,"se_trough":26.91470901990839},"1.3":{"mean_c0_profit":31.706249047335675,"mean_trough":-498627.1975,"ruin_prob":1.0,"se_c0_profit":0.38201025139849076,"se_trough":82.15824745365595}},"params":{"A0":10.0,"CAC":60.0,"C_CHURN":0.1,"GROWTHS":[1.05,1.08,1.15,1.3],"G_HIGH":1.3,"G_LOW":1.05,"K0":3000.0,"M":10.0,"N_REPS":4000,"SEED":20260717,"S_SURV":0.9,"T":24}}